{"cameraMode":{"drawMode":0,"name":"Shaded","section":"Shading Mode"},"sceneLighting":false,"audioPlay":false,"sceneViewState":{"m_AlwaysRefresh":false,"showFog":true,"showSkybox":false,"showFlares":true,"showImageEffects":true,"showParticleSystems":true,"showVisualEffectGraphs":true,"m_FxEnabled":true},"in2DMode":false,"pivot":{"x":-10.254095077514649,"y":30.993366241455079,"z":-38.64623260498047},"rotation":{"x":-0.006741705816239119,"y":0.9848482608795166,"z":-0.1688629686832428,"w":-0.039313752204179767},"size":5.641840934753418,"orthographic":false}