{"cameraMode":{"drawMode":0,"name":"Shaded","section":"Shading Mode"},"sceneLighting":true,"audioPlay":false,"sceneViewState":{"m_AlwaysRefresh":false,"showFog":true,"showSkybox":true,"showFlares":true,"showImageEffects":true,"showParticleSystems":true,"showVisualEffectGraphs":true,"m_FxEnabled":true},"in2DMode":false,"pivot":{"x":173.71644592285157,"y":89.74557495117188,"z":123.18472290039063},"rotation":{"x":-0.16037596762180329,"y":0.7183670401573181,"z":-0.17627739906311036,"w":-0.6536995768547058},"size":54.32944107055664,"orthographic":true}