{"cameraMode":{"drawMode":0,"name":"Shaded","section":"Shading Mode"},"sceneLighting":true,"audioPlay":false,"sceneViewState":{"m_AlwaysRefresh":false,"showFog":true,"showSkybox":true,"showFlares":true,"showImageEffects":true,"showParticleSystems":true,"showVisualEffectGraphs":true,"m_FxEnabled":true},"in2DMode":false,"pivot":{"x":117.0136489868164,"y":37.965850830078128,"z":141.19302368164063},"rotation":{"x":0.11683332920074463,"y":-0.7537188529968262,"z":0.1395583599805832,"w":0.6316467523574829},"size":147.57534790039063,"orthographic":false}