{"cameraMode":{"drawMode":0,"name":"Shaded","section":"Shading Mode"},"sceneLighting":false,"audioPlay":false,"sceneViewState":{"m_AlwaysRefresh":false,"showFog":true,"showSkybox":false,"showFlares":true,"showImageEffects":true,"showParticleSystems":true,"showVisualEffectGraphs":true,"m_FxEnabled":true},"in2DMode":false,"pivot":{"x":-10.051910400390625,"y":29.839841842651368,"z":-44.884071350097659},"rotation":{"x":0.006603139918297529,"y":0.9764363169670105,"z":-0.2136487066745758,"w":0.03018425963819027},"size":6.244283199310303,"orthographic":false}