{"cameraMode":{"drawMode":0,"name":"Shaded","section":"Shading Mode"},"sceneLighting":false,"audioPlay":false,"sceneViewState":{"m_AlwaysRefresh":false,"showFog":true,"showSkybox":false,"showFlares":true,"showImageEffects":true,"showParticleSystems":true,"showVisualEffectGraphs":true,"m_FxEnabled":true},"in2DMode":false,"pivot":{"x":8.289999961853028,"y":0.3800000846385956,"z":1.9291019439697266},"rotation":{"x":-0.16823804378509522,"y":0.48689791560173037,"z":-0.09617915004491806,"w":-0.8517797589302063},"size":0.7523623108863831,"orthographic":false}